Sudarmadji;Brown;45;Sudarmadji.Brown@gmail.com;1000000;Pos Kamling 007
Asikin;Wilson;56;Asikin.Wilson@gmail.com;1000000;Pos Kamling 007
Broto;Johnson;37;Broto.Johnson@gmail.com;1000000;Pos Kamling 007
Burhan;Anderson;54;Burhan.Anderson@gmail.com;1000000;Pos Kamling 007
Ujang;Burton;35;Ujang.Burton@gmail.com;1000000;Pos Kamling 007
Sudarmadji;Brown;45;Sudarmadji.Brown@gmail.com;1000000;Pos Kamling 007
Asikin;Wilson;56;Asikin.Wilson@gmail.com;1000000;Pos Kamling 007
Broto;Johnson;37;Broto.Johnson@gmail.com;1000000;Pos Kamling 007
Burhan;Anderson;54;Burhan.Anderson@gmail.com;1000000;Pos Kamling 007
Ujang;Burton;35;Ujang.Burton@gmail.com;1000000;Pos Kamling 007
Sudarmadji;Brown;45;Sudarmadji.Brown@gmail.com;1000000;Pos Kamling 007
Asikin;Wilson;56;Asikin.Wilson@gmail.com;1000000;Pos Kamling 007
Broto;Johnson;37;Broto.Johnson@gmail.com;1000000;Pos Kamling 007
Burhan;Anderson;54;Burhan.Anderson@gmail.com;1000000;Pos Kamling 007
Ujang;Burton;35;Ujang.Burton@gmail.com;1000000;Pos Kamling 007
Sudarmadji;Brown;45;Sudarmadji.Brown@gmail.com;1000000;Pos Kamling 007
Asikin;Wilson;56;Asikin.Wilson@gmail.com;1000000;Pos Kamling 007
Broto;Johnson;37;Broto.Johnson@gmail.com;1000000;Pos Kamling 007
Burhan;Anderson;54;Burhan.Anderson@gmail.com;1000000;Pos Kamling 007
Ujang;Burton;35;Ujang.Burton@gmail.com;1000000;Pos Kamling 007
Sudarmadji;Brown;45;Sudarmadji.Brown@gmail.com;1000000;Pos Kamling 007
Asikin;Wilson;56;Asikin.Wilson@gmail.com;1000000;Pos Kamling 007
Broto;Johnson;37;Broto.Johnson@gmail.com;1000000;Pos Kamling 007
Burhan;Anderson;54;Burhan.Anderson@gmail.com;1000000;Pos Kamling 007
Ujang;Burton;35;Ujang.Burton@gmail.com;1000000;Pos Kamling 007
Sudarmadji;Brown;45;Sudarmadji.Brown@gmail.com;1000000;Pos Kamling 007
Asikin;Wilson;56;Asikin.Wilson@gmail.com;1000000;Pos Kamling 007
Broto;Johnson;37;Broto.Johnson@gmail.com;1000000;Pos Kamling 007
Burhan;Anderson;54;Burhan.Anderson@gmail.com;1000000;Pos Kamling 007
Ujang;Burton;35;Ujang.Burton@gmail.com;1000000;Pos Kamling 007
Sudarmadji;Brown;45;Sudarmadji.Brown@gmail.com;1000000;Pos Kamling 007
Asikin;Wilson;56;Asikin.Wilson@gmail.com;1000000;Pos Kamling 007
Broto;Johnson;37;Broto.Johnson@gmail.com;1000000;Pos Kamling 007
Burhan;Anderson;54;Burhan.Anderson@gmail.com;1000000;Pos Kamling 007
Ujang;Burton;35;Ujang.Burton@gmail.com;1000000;Pos Kamling 007
Sudarmadji;Brown;45;Sudarmadji.Brown@gmail.com;1000000;Pos Kamling 007
Asikin;Wilson;56;Asikin.Wilson@gmail.com;1000000;Pos Kamling 007
Broto;Johnson;37;Broto.Johnson@gmail.com;1000000;Pos Kamling 007
Burhan;Anderson;54;Burhan.Anderson@gmail.com;1000000;Pos Kamling 007
Ujang;Burton;35;Ujang.Burton@gmail.com;1000000;Pos Kamling 007
Sudarmadji;Brown;45;Sudarmadji.Brown@gmail.com;1000000;Pos Kamling 007
Asikin;Wilson;56;Asikin.Wilson@gmail.com;1000000;Pos Kamling 007
Broto;Johnson;37;Broto.Johnson@gmail.com;1000000;Pos Kamling 007
Burhan;Anderson;54;Burhan.Anderson@gmail.com;1000000;Pos Kamling 007
Ujang;Burton;35;Ujang.Burton@gmail.com;1000000;Pos Kamling 007
Sudarmadji;Brown;45;Sudarmadji.Brown@gmail.com;1000000;Pos Kamling 007
Asikin;Wilson;56;Asikin.Wilson@gmail.com;1000000;Pos Kamling 007
Broto;Johnson;37;Broto.Johnson@gmail.com;1000000;Pos Kamling 007
Burhan;Anderson;54;Burhan.Anderson@gmail.com;1000000;Pos Kamling 007
Ujang;Burton;35;Ujang.Burton@gmail.com;1000000;Pos Kamling 007
Sudarmadji;Brown;45;Sudarmadji.Brown@gmail.com;1000000;Pos Kamling 007
Asikin;Wilson;56;Asikin.Wilson@gmail.com;1000000;Pos Kamling 007
Broto;Johnson;37;Broto.Johnson@gmail.com;1000000;Pos Kamling 007
Burhan;Anderson;54;Burhan.Anderson@gmail.com;1000000;Pos Kamling 007
Ujang;Burton;35;Ujang.Burton@gmail.com;1000000;Pos Kamling 007
Sudarmadji;Brown;45;Sudarmadji.Brown@gmail.com;1000000;Pos Kamling 007
Asikin;Wilson;56;Asikin.Wilson@gmail.com;1000000;Pos Kamling 007
Broto;Johnson;37;Broto.Johnson@gmail.com;1000000;Pos Kamling 007
Burhan;Anderson;54;Burhan.Anderson@gmail.com;1000000;Pos Kamling 007
Ujang;Burton;35;Ujang.Burton@gmail.com;1000000;Pos Kamling 007
Sudarmadji;Brown;45;Sudarmadji.Brown@gmail.com;1000000;Pos Kamling 007
Asikin;Wilson;56;Asikin.Wilson@gmail.com;1000000;Pos Kamling 007
Broto;Johnson;37;Broto.Johnson@gmail.com;1000000;Pos Kamling 007
Burhan;Anderson;54;Burhan.Anderson@gmail.com;1000000;Pos Kamling 007
Ujang;Burton;35;Ujang.Burton@gmail.com;1000000;Pos Kamling 007
Sudarmadji;Brown;45;Sudarmadji.Brown@gmail.com;1000000;Pos Kamling 007
Asikin;Wilson;56;Asikin.Wilson@gmail.com;1000000;Pos Kamling 007
Broto;Johnson;37;Broto.Johnson@gmail.com;1000000;Pos Kamling 007
Burhan;Anderson;54;Burhan.Anderson@gmail.com;1000000;Pos Kamling 007
Ujang;Burton;35;Ujang.Burton@gmail.com;1000000;Pos Kamling 007
